country,ca
USA,245584.61027110557
Germany,230284.63327065817
Austria,128003.83830778296
Brazil,106925.77640711199
France,81358.3224301033
UK,58971.30997103848
Venezuela,56810.628941812516
Sweden,54495.139964184535
Canada,50196.28994608447
Ireland,49979.90494634077
