companyname,ca
QUICK-Stop,110277.3048835089
Ernst Handel,104874.97835350108
Save-a-lot Markets,104361.94986812412
Rattlesnake Canyon Grocery,51097.800487737826
Hungry Owl All-Night Grocers,49979.90494634077
