fullname,ca
Margaret Peacock,232890.8457361288
Janet Leverling,202812.84285137767
Nancy Davolio,192107.6043706772
Andrew Fuller,166537.7548349826
Laura Callahan,126862.2774064841
