ProductID,ProductName,ChiffreAffaires
38,Côte de Blaye,141396.73490344844
29,Thüringer Rostbratwurst,80368.67197451406
59,Raclette Courdavault,71155.69990943
62,Tarte au sucre,47234.969954013824
60,Camembert Pierrot,46825.47995301932
56,Gnocchi di nonna Alice,42593.05996068567
51,Manjimup Dried Apples,41819.64995399639
17,Alice Mutton,32698.379980891943
18,Carnarvon Tigers,29171.874963399023
28,Rössle Sauerkraut,25696.63998105824
